Datum;Erster;Hoch;Tief;Schlusskurs;Stuecke;Volumen
2019-12-30;2,2236;2,2305;1,9945;2,1048;;
2019-12-27;2,2274;2,242;2,1426;2,242;;
2019-12-23;2,2175;2,2284;2,1701;2,2031;;
2019-12-20;2,2705;2,3137;2,236;2,2891;;
2019-12-19;2,2536;2,2879;2,19;2,2563;;
2019-12-18;2,2818;2,2848;2,2196;2,267;;
2019-12-17;2,3217;2,3246;2,251;2,293;;
2019-12-16;2,2713;2,352;2,2401;2,3473;;
2019-12-13;2,2904;2,2999;2,2055;2,2919;;
2019-12-12;2,2425;2,3394;2,2186;2,3394;;
2019-12-11;2,2346;2,2652;2,2105;2,2384;;
2019-12-10;2,1832;2,2546;2,177;2,2544;;
2019-12-09;2,2207;2,234;2,1618;2,234;;
2019-12-06;2,3931;2,4159;2,2912;2,3245;;
2019-12-05;2,418;2,418;2,3433;2,4099;;
2019-12-04;2,4102;2,4102;2,3155;2,3927;;
2019-12-03;2,3545;2,4752;2,3054;2,4201;;
2019-12-02;2,3435;2,3435;2,2477;2,3245;;
2019-11-29;2,4437;2,4576;2,1843;2,2348;;
2019-11-28;2,4973;2,498;2,2804;2,4246;;
2019-11-27;2,5031;2,5377;2,4355;2,4876;;
2019-11-26;2,5405;2,5467;2,4368;2,5204;;
2019-11-25;2,6644;2,6691;2,5041;2,5686;;
2019-11-22;2,6096;2,7029;2,5108;2,6987;;
2019-11-21;2,5874;2,6132;2,4993;2,5871;;
2019-11-20;2,535;2,595;2,5174;2,5609;;
2019-11-19;2,5485;2,5632;2,4706;2,5035;;
2019-11-18;2,6156;2,6249;2,5311;2,5477;;
2019-11-15;2,5984;2,7055;2,587;2,6692;;
2019-11-14;2,673;2,6822;2,6114;2,6439;;
2019-11-13;2,6068;2,67;2,5553;2,668;;
2019-11-12;2,6338;2,6677;2,5965;2,6217;;
2019-11-11;2,699;2,7036;2,6046;2,6298;;
2019-11-08;2,8012;2,8055;2,7491;2,7831;;
2019-11-07;2,8138;2,8544;2,7412;2,8028;;
2019-11-06;2,8537;2,8754;2,8116;2,8142;;
2019-11-05;2,8869;2,8925;2,8193;2,854;;
2019-11-04;2,7973;2,8295;2,7712;2,8167;;
2019-11-01;2,6297;2,697;2,555;2,6838;;
2019-10-31;2,7003;2,7166;2,5912;2,6226;;
2019-10-30;2,6024;2,701;2,5997;2,6791;;
2019-10-29;2,579;2,6829;2,5772;2,6064;;
2019-10-28;2,5599;2,5602;2,475;2,5497;;
2019-10-25;2,4096;2,4489;2,3067;2,4468;;
2019-10-24;2,3435;2,4374;2,2987;2,4146;;
2019-10-23;2,2953;2,435;2,2849;2,4076;;
2019-10-22;2,2078;2,443;2,2078;2,2454;;
2019-10-21;2,3213;2,3934;2,2099;2,24;;
2019-10-18;2,3258;2,4943;2,2894;2,3423;;
2019-10-17;2,2796;2,3981;2,2683;2,3032;;
2019-10-16;2,3173;2,4832;2,267;2,2793;;
2019-10-15;2,2801;2,4196;2,2667;2,3305;;
2019-10-14;2,2419;2,3963;2,2419;2,2755;;
2019-10-11;2,1808;2,3072;2,1808;2,21;;
2019-10-10;2,2247;2,3464;2,1804;2,2027;;
2019-10-09;2,2654;2,423;2,1882;2,1882;;
2019-10-08;2,2945;2,419;2,2577;2,2577;;
2019-10-07;2,3261;2,4339;2,2776;2,2989;;
2019-10-04;2,3266;2,4369;2,3017;2,3396;;
2019-10-02;2,2831;2,3976;2,2278;2,2441;;
2019-10-01;2,3005;2,4233;2,2608;2,305;;
2019-09-30;2,3738;2,4894;2,3077;2,3164;;
2019-09-27;2,4459;2,5171;2,3798;2,3906;;
2019-09-26;2,5238;2,6136;2,42;2,4324;;
2019-09-25;2,5159;2,5905;2,4932;2,5119;;
2019-09-24;2,5312;2,6453;2,4983;2,5152;;
2019-09-23;2,4981;2,6041;2,4979;2,5157;;
2019-09-20;2,5532;2,6577;2,5272;2,5499;;
2019-09-19;2,6223;2,7135;2,538;2,5418;;
2019-09-18;2,6533;2,7698;2,6092;2,6245;;
2019-09-17;2,6837;2,7635;2,644;2,6522;;
2019-09-16;2,6718;2,7394;2,6344;2,6736;;
2019-09-13;2,581;2,6914;2,5573;2,6253;;
2019-09-12;2,5497;2,6538;2,5218;2,5569;;
2019-09-11;2,6029;2,7818;2,5304;2,5436;;
2019-09-10;2,6029;2,7213;2,5622;2,5762;;
2019-09-09;2,5281;2,663;2,4825;2,5761;;
2019-09-06;2,4309;2,569;2,4025;2,4852;;
2019-09-05;2,4414;2,5853;2,4148;2,4273;;
2019-09-04;2,3484;2,5432;2,3224;2,428;;
2019-09-03;2,3373;2,4451;2,3194;2,3305;;
2019-09-02;2,262;2,433;2,2586;2,4325;;
2019-08-30;2,2591;2,4091;2,2531;2,2735;;
2019-08-29;2,2066;2,4848;2,2026;2,2776;;
2019-08-28;2,1886;2,3531;2,1794;2,2201;;
2019-08-27;2,2144;2,4041;2,1678;2,1825;;
2019-08-26;2,1655;2,3295;2,1537;2,2232;;
2019-08-23;2,1321;2,3193;2,1242;2,1378;;
2019-08-22;2,1534;2,2884;2,133;2,1495;;
2019-08-21;2,2086;2,3403;2,1428;2,1568;;
2019-08-20;2,1892;2,3239;2,1851;2,2072;;
2019-08-19;2,1687;2,2072;2,1189;2,1818;;
2019-08-16;2,1904;2,2008;2,1535;2,1775;;
2019-08-15;2,1459;2,2453;2,1211;2,2141;;
2019-08-14;2,1335;2,1824;2,1052;2,143;;
2019-08-13;2,0933;2,1526;2,0695;2,1463;;
2019-08-12;2,1157;2,1346;2,0756;2,0977;;
2019-08-09;2,0884;2,128;2,0484;2,117;;
2019-08-08;2,0909;2,1355;2,0786;2,102;;
2019-08-07;2,0747;2,1252;2,0547;2,0677;;
2019-08-06;2,0773;2,1147;2,0549;2,0806;;
2019-08-05;2,0739;2,0894;2,0154;2,065;;
2019-08-02;2,1624;2,1844;2,0614;2,1243;;
2019-08-01;2,2153;2,3098;2,1499;2,1556;;
2019-07-31;2,1228;2,2512;2,1049;2,2237;;
2019-07-30;2,0957;2,1287;2,089;2,1236;;
2019-07-29;2,1391;2,1502;2,0852;2,1126;;
2019-07-26;2,1977;2,2036;2,1284;2,1476;;
2019-07-25;2,1959;2,2323;2,1854;2,2091;;
2019-07-24;2,2689;2,2739;2,186;2,2006;;
2019-07-23;2,2889;2,302;2,2674;2,2937;;
2019-07-22;2,2621;2,3011;2,243;2,2938;;
2019-07-19;2,2747;2,2799;2,217;2,2431;;
2019-07-18;2,2963;2,3149;2,2429;2,2791;;
2019-07-17;2,3028;2,3209;2,2667;2,2999;;
2019-07-16;2,3805;2,3881;2,2754;2,3093;;
2019-07-15;2,4182;2,4258;2,3591;2,3942;;
2019-07-12;2,3954;2,4562;2,3824;2,4382;;
2019-07-11;2,4268;2,4602;2,3791;2,3901;;
2019-07-10;2,4032;2,4658;2,3974;2,434;;
2019-07-09;2,3839;2,4149;2,35;2,4023;;
2019-07-08;2,4053;2,414;2,3485;2,4024;;
2019-07-05;2,2698;2,4217;2,256;2,3894;;
2019-07-04;2,2711;2,2739;2,2341;2,2494;;
2019-07-03;2,2351;2,2775;2,2134;2,2775;;
2019-07-02;2,2666;2,2794;2,217;2,2352;;
2019-07-01;2,2882;2,3011;2,1954;2,2523;;
2019-06-28;2,302;2,3347;2,2771;2,298;;
2019-06-27;2,2409;2,3113;2,2339;2,3039;;
2019-06-26;2,2639;2,2748;2,2346;2,2589;;
2019-06-25;2,2587;2,2727;2,214;2,2481;;
2019-06-24;2,178;2,2824;2,1515;2,28;;
2019-06-21;2,1998;2,1998;2,1364;2,1699;;
2019-06-20;2,2628;2,2809;2,1314;2,1875;;
2019-06-19;2,3184;2,3274;2,2623;2,2648;;
2019-06-18;2,3597;2,3743;2,3025;2,3069;;
2019-06-17;2,3788;2,3883;2,3385;2,3606;;
2019-06-14;2,3078;2,3795;2,3049;2,3795;;
2019-06-13;2,366;2,366;2,3023;2,3106;;
2019-06-12;2,3732;2,3899;2,3473;2,3586;;
2019-06-11;2,3531;2,387;2,3176;2,3805;;
2019-06-07;2,319;2,3307;2,2907;2,3225;;
2019-06-06;2,3581;2,3697;2,2882;2,3189;;
2019-06-05;2,3956;2,4059;2,3396;2,3656;;
2019-06-04;2,4019;2,4223;2,3675;2,4095;;
2019-06-03;2,4464;2,4547;2,3658;2,3839;;
2019-05-31;2,5488;2,5564;2,4324;2,4415;;
2019-05-30;2,5968;2,6047;2,5214;2,5406;;
2019-05-29;2,569;2,6305;2,5675;2,6047;;
2019-05-28;2,5717;2,585;2,5321;2,5644;;
2019-05-27;2,5917;2,6099;2,546;2,5573;;
2019-05-24;2,5869;2,6393;2,5429;2,5869;;
2019-05-23;2,5235;2,5841;2,5235;2,5613;;
2019-05-22;2,5996;2,633;2,5244;2,5439;;
2019-05-21;2,675;2,6771;2,5924;2,6011;;
2019-05-20;2,6263;2,6927;2,6176;2,6522;;
2019-05-17;2,6195;2,6463;2,6062;2,6161;;
2019-05-16;2,5994;2,6332;2,5732;2,6202;;
2019-05-15;2,6366;2,6591;2,5759;2,5864;;
2019-05-14;2,6241;2,6502;2,6131;2,6414;;
2019-05-13;2,598;2,6391;2,5828;2,602;;
2019-05-10;2,5654;2,6328;2,5616;2,6146;;
2019-05-09;2,5876;2,5911;2,5474;2,5737;;
2019-05-08;2,5265;2,6009;2,5143;2,5868;;
2019-05-07;2,5052;2,5408;2,4966;2,5217;;
2019-05-06;2,5411;2,5581;2,4971;2,5197;;
2019-05-03;2,5819;2,5992;2,535;2,5438;;
2019-05-02;2,5989;2,6055;2,55;2,5682;;
2019-04-30;2,5866;2,5995;2,5529;2,5603;;
2019-04-29;2,5717;2,5853;2,531;2,5785;;
2019-04-26;2,5295;2,5884;2,5028;2,5824;;
2019-04-25;2,4629;2,533;2,4465;2,4976;;
2019-04-24;2,4491;2,4981;2,4429;2,4938;;
2019-04-23;2,5062;2,5476;2,4307;2,4372;;
2019-04-18;2,4867;2,5288;2,4603;2,4673;;
2019-04-17;2,5649;2,6026;2,4889;2,4905;;
2019-04-16;2,5727;2,6161;2,5507;2,5539;;
2019-04-15;2,6286;2,6634;2,5678;2,5736;;
2019-04-12;2,6584;2,6938;2,6348;2,6392;;
2019-04-11;2,6884;2,7218;2,6395;2,6602;;
2019-04-10;2,6818;2,7275;2,6769;2,6811;;
2019-04-09;2,6936;2,733;2,6687;2,691;;
2019-04-08;2,6579;2,727;2,6518;2,6999;;
2019-04-05;2,6198;2,6718;2,6161;2,6583;;
2019-04-04;2,6658;2,6984;2,6198;2,6253;;
2019-04-03;2,6668;2,7002;2,6547;2,6598;;
2019-04-02;2,6874;2,7204;2,663;2,6753;;
2019-04-01;2,6546;2,7369;2,6546;2,6863;;
2019-03-29;2,7037;2,7299;2,6487;2,6567;;
2019-03-28;2,7227;2,7639;2,6948;2,7012;;
2019-03-27;2,7229;2,766;2,6894;2,7065;;
2019-03-26;2,7509;2,7956;2,7292;2,7385;;
2019-03-25;2,7268;2,7864;2,7215;2,7602;;
2019-03-22;2,7795;2,8078;2,7391;2,7407;;
2019-03-21;2,8198;2,8549;2,7954;2,8089;;
2019-03-20;2,836;2,8752;2,8107;2,8176;;
2019-03-19;2,8272;2,8987;2,8272;2,8461;;
2019-03-18;2,7867;2,8612;2,7643;2,8268;;
2019-03-15;2,8431;2,87;2,7762;2,7764;;
2019-03-14;2,8293;2,8621;2,8159;2,8422;;
2019-03-13;2,7602;2,832;2,7502;2,8195;;
2019-03-12;2,7724;2,8079;2,7528;2,7769;;
2019-03-11;2,7925;2,8252;2,7554;2,7625;;
2019-03-08;2,8473;2,9035;2,844;2,8482;;
2019-03-07;2,8209;2,8694;2,8123;2,8509;;
2019-03-06;2,8662;2,8959;2,8202;2,8327;;
2019-03-05;2,838;2,9113;2,838;2,8704;;
2019-03-04;2,8341;2,8836;2,8115;2,8377;;
2019-03-01;2,7778;2,8658;2,7715;2,8339;;
2019-02-28;2,7905;2,839;2,7816;2,7882;;
2019-02-27;2,7597;2,803;2,7371;2,7931;;
2019-02-26;2,7975;2,8518;2,7496;2,7632;;
2019-02-25;2,7668;2,807;2,7622;2,7899;;
2019-02-22;2,6672;2,7365;2,6618;2,6958;;
2019-02-21;2,6431;2,7274;2,6398;2,6876;;
2019-02-20;2,647;2,7226;2,6221;2,6295;;
2019-02-19;2,623;2,6571;2,5929;2,6415;;
2019-02-18;2,6281;2,6444;2,5904;2,622;;
2019-02-15;2,5351;2,6144;2,5322;2,6088;;
2019-02-14;2,578;2,5994;2,5525;2,5586;;
2019-02-13;2,6066;2,612;2,5569;2,5758;;
2019-02-12;2,629;2,6796;2,6016;2,6514;;
2019-02-11;2,649;2,7252;2,6207;2,6364;;
2019-02-08;2,5688;2,5989;2,5463;2,5951;;
2019-02-07;2,6499;2,6639;2,5334;2,5548;;
2019-02-06;2,6718;2,6954;2,6378;2,6546;;
2019-02-05;2,6291;2,6942;2,628;2,6746;;
2019-02-04;2,7106;2,7118;2,6422;2,6498;;
2019-02-01;2,8034;2,8153;2,7198;2,7243;;
2019-01-31;2,8873;2,9104;2,7941;2,8256;;
2019-01-30;2,8714;2,8948;2,8381;2,8527;;
2019-01-29;2,873;2,9017;2,8008;2,887;;
2019-01-28;2,8841;2,9131;2,8507;2,8809;;
2019-01-25;3,1674;3,1693;2,9881;3,1502;;
2019-01-24;2,9825;3,1347;2,9769;3,1282;;
2019-01-23;3,0966;3,1353;2,9312;3,0173;;
2019-01-22;3,209;3,241;3,0256;3,0525;;
2019-01-21;3,332;3,3479;3,0414;3,0814;;
2019-01-18;3,3579;3,4771;3,1494;3,4054;;
2019-01-17;3,4483;3,5032;3,3202;3,4074;;
2019-01-16;3,3846;3,5882;3,308;3,3892;;
2019-01-15;3,6894;3,7012;3,3691;3,4623;;
2019-01-14;3,2917;3,6044;3,1763;3,5807;;
2019-01-11;3,0003;3,1557;2,9357;3,1398;;
2019-01-10;2,9746;3,0251;2,9295;2,9692;;
2019-01-09;2,9762;3,0041;2,8983;2,9901;;
2019-01-08;2,9849;3,0031;2,93;2,9789;;
2019-01-07;2,9568;2,9725;2,8851;2,928;;
2019-01-04;2,9211;3,0326;2,8987;3,0152;;
2019-01-03;2,9055;2,9542;2,8411;2,9163;;
2019-01-02;2,9772;2,9907;2,8739;2,9422;;
2018-12-28;3,4804;3,4883;3,2772;3,3047;;
2018-12-27;3,4039;3,5414;3,3179;3,4772;;
2018-12-21;3,6215;3,7505;3,4814;3,6503;;
2018-12-20;3,6685;3,7557;3,4998;3,6366;;
2018-12-19;3,7639;3,8128;3,443;3,6578;;
2018-12-18;3,5252;3,7722;3,4345;3,7363;;
2018-12-17;3,6202;3,6522;3,4285;3,5267;;
2018-12-14;4,0259;4,0502;3,7564;3,7932;;
2018-12-13;4,0843;4,1905;3,9445;4,1401;;
2018-12-12;4,3932;4,4024;4,0248;4,1123;;
2018-12-11;4,5267;4,5912;4,159;4,3769;;
2018-12-10;4,5814;4,621;4,2985;4,5235;;
2018-12-07;4,2732;4,5337;4,091;4,5162;;
2018-12-06;4,4789;4,4833;4,1212;4,3788;;
2018-12-05;4,5938;4,5938;4,2121;4,4536;;
2018-12-04;4,4121;4,4952;4,1331;4,4952;;
2018-12-03;4,4981;4,531;4,0783;4,3527;;
2018-11-30;4,6421;4,6746;4,2637;4,3234;;
2018-11-29;4,6059;4,6574;4,2811;4,5882;;
2018-11-28;4,2427;4,7139;4,056;4,6724;;
2018-11-27;4,1431;4,342;3,9691;4,2096;;
2018-11-26;4,1346;4,3021;3,9261;4,2552;;
2018-11-23;4,259;4,53;4,0493;4,0493;;
2018-11-22;4,5334;4,5402;3,874;3,874;;
2018-11-21;4,6602;4,8289;4,3106;4,4945;;
2018-11-20;4,4668;4,5959;4,1642;4,5439;;
2018-11-19;4,643;4,7757;4,4405;4,5876;;
2018-11-16;4,0295;4,3828;3,9337;4,3624;;
2018-11-15;4,7169;4,744;3,961;4,0393;;
2018-11-14;4,0774;4,8946;4,0707;4,8725;;
2018-11-13;3,968;4,12;3,9344;4,0924;;
2018-11-12;3,7853;3,9046;3,7433;3,893;;
2018-11-09;3,5833;3,8127;3,5664;3,734;;
2018-11-08;3,5331;3,5795;3,4901;3,5527;;
2018-11-07;3,5386;3,5642;3,4908;3,552;;
2018-11-06;3,5441;3,577;3,5049;3,5418;;
2018-11-05;3,4553;3,576;3,4401;3,5633;;
2018-11-02;3,2606;3,3103;3,1623;3,2809;;
2018-11-01;3,2733;3,3078;3,2135;3,2482;;
2018-10-31;3,2411;3,3026;3,2055;3,2832;;
2018-10-30;3,2181;3,269;3,1456;3,2074;;
2018-10-29;3,1747;3,2079;3,1465;3,1814;;
2018-10-26;3,2147;3,2541;3,1446;3,2519;;
2018-10-25;3,2307;3,2785;3,2026;3,2347;;
2018-10-24;3,2413;3,3039;3,2108;3,2462;;
2018-10-23;3,2057;3,2885;3,1457;3,2652;;
2018-10-22;3,2181;3,2726;3,1249;3,1383;;
2018-10-19;3,2545;3,278;3,1774;3,2408;;
2018-10-18;3,305;3,3225;3,1951;3,2323;;
2018-10-17;3,2634;3,3429;3,2564;3,3405;;
2018-10-16;3,2931;3,3267;3,2327;3,2453;;
2018-10-15;3,2075;3,2889;3,1768;3,2576;;
2018-10-12;3,2416;3,3007;3,1461;3,1567;;
2018-10-11;3,2435;3,2919;3,1786;3,2264;;
2018-10-10;3,3287;3,3789;3,2484;3,2587;;
2018-10-09;3,2926;3,3685;3,2479;3,2824;;
2018-10-08;3,2053;3,3034;3,1731;3,2808;;
2018-10-05;3,1935;3,2423;3,1298;3,1521;;
2018-10-04;3,2521;3,2825;3,1524;3,1873;;
2018-10-02;3,1271;3,2186;3,1128;3,1598;;
2018-10-01;3,0274;3,144;3,007;3,1059;;
2018-09-28;3,0463;3,092;2,9985;3,0008;;
2018-09-27;2,9665;3,1352;2,954;3,0541;;
2018-09-26;3,0459;3,1003;2,9676;2,9835;;
2018-09-25;3,041;3,0929;3,0205;3,0466;;
2018-09-24;2,968;3,0687;2,9487;3,0368;;
2018-09-21;2,9643;3,0129;2,9348;2,9797;;
2018-09-20;2,8925;3,0015;2,8786;2,9534;;
2018-09-19;2,9115;2,9459;2,8739;2,8739;;
2018-09-18;2,7922;2,9163;2,7866;2,8835;;
2018-09-17;2,771;2,8551;2,7488;2,8141;;
2018-09-14;2,8068;2,8628;2,7506;2,7658;;
2018-09-13;2,8082;2,8948;2,7944;2,8259;;
2018-09-12;2,8381;2,9037;2,8082;2,8202;;
2018-09-11;2,7974;2,8877;2,7921;2,8269;;
2018-09-10;2,7687;2,8529;2,752;2,7948;;
2018-09-07;2,7897;2,8672;2,761;2,7761;;
2018-09-06;2,774;2,8711;2,7527;2,7623;;
2018-09-05;2,8123;2,9071;2,7754;2,7931;;
2018-09-04;2,8686;2,9584;2,7844;2,8039;;
2018-09-03;2,8937;2,9701;2,866;2,9699;;
2018-08-31;2,8979;3,0111;2,8744;2,9146;;
2018-08-30;2,8766;2,9585;2,8592;2,88;;
2018-08-29;2,8586;2,9336;2,8317;2,8645;;
2018-08-28;2,8728;2,9742;2,8273;2,8414;;
2018-08-27;2,927;3,0122;2,8532;2,8663;;
2018-08-24;2,97;3,063;2,8886;2,8964;;
2018-08-23;2,9576;3,0644;2,9272;2,9665;;
2018-08-22;2,9809;3,0571;2,9364;2,9705;;
2018-08-21;2,9748;3,0609;2,9493;2,9903;;
2018-08-20;2,9073;2,9566;2,8774;2,9485;;
2018-08-17;2,9135;2,9621;2,9005;2,9492;;
2018-08-16;2,9326;2,9454;2,879;2,9122;;
2018-08-15;2,9607;2,9642;2,915;2,9362;;
2018-08-14;2,9312;2,9781;2,9055;2,9456;;
2018-08-13;2,919;2,9391;2,8888;2,9219;;
2018-08-10;2,9403;2,9516;2,8968;2,9347;;
2018-08-09;2,9522;2,9611;2,9209;2,9439;;
2018-08-08;2,8816;2,957;2,8687;2,9372;;
2018-08-07;2,8618;2,9085;2,8418;2,8861;;
2018-08-06;2,8311;2,8719;2,8085;2,8431;;
2018-08-03;2,8252;2,8671;2,8011;2,8401;;
2018-08-02;2,7389;2,8216;2,721;2,8043;;
2018-08-01;2,7856;2,7856;2,7334;2,749;;
2018-07-31;2,7888;2,8204;2,76;2,7797;;
2018-07-30;2,7763;2,817;2,7559;2,7954;;
2018-07-27;2,762;2,8045;2,7341;2,7721;;
2018-07-26;2,7631;2,775;2,7326;2,7534;;
2018-07-25;2,7449;2,7696;2,7067;2,7571;;
2018-07-24;2,6855;2,7345;2,6684;2,7174;;
2018-07-23;2,6999;2,7262;2,6774;2,6849;;
2018-07-20;2,7685;2,7685;2,7179;2,7256;;
2018-07-19;2,7178;2,7713;2,6591;2,7385;;
2018-07-18;2,7444;2,7457;2,6796;2,7053;;
2018-07-17;2,7783;2,7783;2,6974;2,7295;;
2018-07-16;2,7545;2,7729;2,7113;2,7518;;
2018-07-13;2,7898;2,8182;2,7244;2,7541;;
2018-07-12;2,8245;2,8245;2,7588;2,7909;;
2018-07-11;2,7859;2,842;2,7433;2,8258;;
2018-07-10;2,8088;2,8243;2,7639;2,7745;;
2018-07-09;2,8568;2,858;2,7842;2,8249;;
2018-07-06;2,8442;2,8595;2,7864;2,8535;;
2018-07-05;2,8249;2,8606;2,7988;2,8249;;
2018-07-04;2,8591;2,8812;2,7971;2,8545;;
2018-07-03;2,8536;2,8799;2,823;2,8642;;
2018-07-02;2,896;2,9132;2,828;2,8538;;
2018-06-29;2,9278;2,9331;2,8699;2,9173;;
2018-06-28;2,9663;3,0145;2,9097;2,9492;;
2018-06-27;2,9497;2,9922;2,9283;2,9763;;
2018-06-26;2,9272;2,944;2,8658;2,9348;;
2018-06-25;2,8975;2,9431;2,8656;2,9159;;
2018-06-22;2,9794;2,9877;2,8934;2,9396;;
2018-06-21;2,9764;2,9995;2,9253;2,9994;;
2018-06-20;2,9289;2,9831;2,8858;2,9722;;
2018-06-19;2,9373;2,9533;2,8673;2,9173;;
2018-06-18;3,0321;3,0499;2,9276;2,9695;;
2018-06-15;2,9796;3,044;2,9462;3,0396;;
2018-06-14;2,9469;2,9879;2,8935;2,9691;;
2018-06-13;2,9233;2,9856;2,8777;2,9553;;
2018-06-12;2,9639;2,9795;2,8841;2,9325;;
2018-06-11;2,9326;2,9548;2,9036;2,9493;;
2018-06-08;2,9059;2,9201;2,8533;2,9105;;
2018-06-07;2,91;2,9715;2,8835;2,9331;;
2018-06-06;2,9054;2,9134;2,8623;2,8997;;
2018-06-05;2,9135;2,9214;2,863;2,8888;;
2018-06-04;2,9617;2,9812;2,9166;2,9299;;
2018-06-01;2,9508;2,9962;2,9224;2,9743;;
2018-05-31;2,8914;2,9818;2,8752;2,9577;;
2018-05-30;2,8854;2,9092;2,8611;2,8964;;
2018-05-29;2,9733;2,9847;2,8558;2,9016;;
2018-05-28;2,9429;2,9966;2,9237;2,9664;;
2018-05-25;2,9571;2,9834;2,9367;2,961;;
2018-05-24;2,9603;2,991;2,928;2,9675;;
2018-05-23;2,8987;2,9746;2,8842;2,9715;;
2018-05-22;2,8105;2,9227;2,7931;2,9071;;
2018-05-18;2,8388;2,869;2,8204;2,8546;;
2018-05-17;2,819;2,8589;2,7709;2,8546;;
2018-05-16;2,8159;2,834;2,7802;2,8033;;
2018-05-15;2,8324;2,8575;2,8107;2,8575;;
2018-05-14;2,8063;2,8532;2,7884;2,8532;;
2018-05-11;2,806;2,8245;2,7792;2,8152;;
2018-05-10;2,7121;2,8254;2,696;2,8141;;
2018-05-09;2,7381;2,7522;2,7139;2,7416;;
2018-05-08;2,7321;2,7614;2,697;2,733;;
2018-05-07;2,7179;2,7676;2,6812;2,7362;;
2018-05-04;2,7329;2,7406;2,6894;2,7042;;
2018-05-03;2,7525;2,7632;2,6862;2,7203;;
2018-05-02;2,7901;2,8083;2,7286;2,76;;
2018-04-30;2,761;2,7765;2,7135;2,752;;
2018-04-27;2,8131;2,8294;2,7533;2,7726;;
2018-04-26;2,8021;2,842;2,7875;2,8326;;
2018-04-25;2,7991;2,8185;2,773;2,8014;;
2018-04-24;2,7514;2,8423;2,7416;2,809;;
2018-04-23;2,7502;2,7691;2,7195;2,7625;;
2018-04-20;2,6851;2,7608;2,6686;2,7426;;
2018-04-19;2,748;2,7642;2,6535;2,6642;;
2018-04-18;2,7296;2,7975;2,7176;2,7486;;
2018-04-17;2,7175;2,7715;2,7022;2,7377;;
2018-04-16;2,7397;2,7853;2,7208;2,7573;;
2018-04-13;2,6903;2,7608;2,6661;2,7321;;
2018-04-12;2,6513;2,7035;2,6387;2,6847;;
2018-04-11;2,6654;2,6959;2,6256;2,6642;;
2018-04-10;2,6981;2,727;2,6352;2,6654;;
2018-04-09;2,6785;2,7158;2,6478;2,7042;;
2018-04-06;2,6875;2,7381;2,67;2,7137;;
2018-04-05;2,6773;2,7249;2,6562;2,6927;;
2018-04-04;2,6991;2,7643;2,6817;2,7065;;
2018-04-03;2,6759;2,7261;2,662;2,7163;;
2018-03-29;2,7495;2,7772;2,7215;2,7351;;
2018-03-28;2,7033;2,749;2,6823;2,7136;;
2018-03-27;2,683;2,7406;2,6687;2,6928;;
2018-03-26;2,6353;2,6986;2,6082;2,6552;;
2018-03-23;2,6576;2,683;2,6167;2,6304;;
2018-03-22;2,6454;2,7106;2,5883;2,5883;;
2018-03-21;2,6838;2,7438;2,6288;2,6384;;
2018-03-20;2,6645;2,7409;2,6406;2,6804;;
2018-03-19;2,6884;2,7496;2,6565;2,6892;;
2018-03-16;2,682;2,7485;2,6635;2,7177;;
2018-03-15;2,7363;2,7842;2,6781;2,6955;;
2018-03-14;2,7699;2,791;2,708;2,7442;;
2018-03-13;2,7864;2,842;2,7759;2,8123;;
2018-03-12;2,7261;2,8377;2,72;2,791;;
2018-03-09;2,7296;2,7871;2,7041;2,7466;;
2018-03-08;2,7767;2,8384;2,7445;2,7659;;
2018-03-07;2,7595;2,8231;2,7424;2,8148;;
2018-03-06;2,7148;2,7978;2,6934;2,7531;;
2018-03-05;2,6775;2,7572;2,6735;2,7182;;
2018-03-02;2,6843;2,753;2,6731;2,7241;;
2018-03-01;2,6533;2,7411;2,6424;2,6869;;
2018-02-28;2,6693;2,7233;2,6511;2,6854;;
2018-02-27;2,6728;2,7229;2,6556;2,6934;;
2018-02-26;2,6914;2,7479;2,6627;2,6801;;
2018-02-23;2,6442;2,693;2,6172;2,6705;;
2018-02-22;2,6509;2,7128;2,6294;2,6809;;
2018-02-21;2,6246;2,7073;2,5983;2,6807;;
2018-02-20;2,6308;2,6476;2,6015;2,6363;;
2018-02-19;2,6017;2,6109;2,5327;2,5333;;
2018-02-16;2,5541;2,583;2,5223;2,5703;;
2018-02-15;2,5842;2,6003;2,5214;2,5929;;
2018-02-14;2,6082;2,6174;2,5422;2,6155;;
2018-02-13;2,5867;2,6333;2,5725;2,6052;;
2018-02-12;2,5888;2,5904;2,5289;2,5631;;
2018-02-09;2,6643;2,6726;2,5624;2,6089;;
2018-02-08;2,6975;2,7414;2,6862;2,6862;;
2018-02-07;2,7673;2,7813;2,6781;2,7023;;
2018-02-06;2,7648;2,7762;2,6874;2,7605;;
2018-02-05;2,854;2,8761;2,7298;2,7437;;
2018-02-02;2,9035;2,9299;2,8339;2,868;;
2018-02-01;2,9648;2,9725;2,8255;2,8887;;
2018-01-31;3,1185;3,1301;2,9588;2,9647;;
2018-01-30;3,213;3,2478;3,167;3,1874;;
2018-01-29;3,0987;3,1788;3,0366;3,1668;;
2018-01-26;3,1276;3,2031;3,1122;3,1747;;
2018-01-25;3,2954;3,5289;3,0892;3,1043;;
2018-01-24;3,538;3,5428;3,0875;3,2676;;
2018-01-23;3,192;3,258;3,0384;3,2398;;
2018-01-22;3,2453;3,2525;2,9569;3,0764;;
2018-01-19;3,1667;3,2046;2,9731;3,1911;;
2018-01-18;3,2458;3,2473;2,9615;3,2178;;
2018-01-17;3,1332;3,2687;3,0056;3,2549;;
2018-01-16;3,0449;3,1584;2,9279;3,1375;;
2018-01-15;3,1481;3,151;2,9233;2,9233;;
2018-01-12;3,124;3,2004;2,9545;3,1814;;
2018-01-11;2,9126;3,0874;2,8452;3,0775;;
2018-01-10;2,9771;2,9814;2,8157;2,8891;;
2018-01-09;2,8504;2,8988;2,7703;2,8975;;
2018-01-08;2,8429;2,862;2,742;2,8261;;
2018-01-05;2,8582;2,8585;2,7111;2,7856;;
2018-01-04;3,0582;3,0609;2,8002;2,8656;;
2018-01-03;3,0327;3,0523;2,907;2,9907;;
2018-01-02;3,0559;3,0606;2,9012;3,0376;;
2017-12-29;2,959;2,9725;2,9059;2,9393;;
2017-12-28;2,7739;2,9173;2,7582;2,8857;;
2017-12-27;2,6474;2,7408;2,5985;2,7167;;
2017-12-22;2,6159;2,6538;2,5554;2,6521;;
2017-12-21;2,632;2,6398;2,5457;2,5961;;
2017-12-20;2,7542;2,7542;2,5854;2,6348;;
2017-12-19;2,7561;2,7561;2,6739;2,6997;;
2017-12-18;2,6457;2,7574;2,6403;2,7357;;
2017-12-15;2,6769;2,7098;2,5714;2,5983;;
2017-12-14;2,6981;2,6981;2,6292;2,6754;;
2017-12-13;2,708;2,7271;2,6426;2,6886;;
2017-12-12;2,8075;2,8352;2,6663;2,6715;;
2017-12-11;2,8218;2,8433;2,7734;2,8057;;
2017-12-08;2,7473;2,8016;2,7386;2,797;;
2017-12-07;2,8692;2,8754;2,7471;2,7892;;
2017-12-06;2,9191;2,9464;2,863;2,9273;;
2017-12-05;2,9451;2,98;2,8552;2,9226;;
2017-12-04;3,147;3,1507;2,9324;2,9961;;
2017-12-01;3,0259;3,0957;3,0142;3,0845;;
2017-11-30;3,1488;3,1505;2,9924;3,0231;;
2017-11-29;3,1309;3,1814;3,1214;3,1596;;
2017-11-28;3,0792;3,1511;3,0148;3,1499;;
2017-11-27;2,987;3,0077;2,9325;2,9893;;
2017-11-24;2,9074;2,9856;2,8321;2,8785;;
2017-11-23;2,9462;3,0045;2,9138;2,9138;;
2017-11-22;3,0027;3,0504;2,9494;2,9734;;
2017-11-21;3,0039;3,0868;2,9906;3,0032;;
2017-11-20;3,0545;3,0689;3,0118;3,0279;;
2017-11-17;3,0673;3,1143;3,0481;3,0882;;
2017-11-16;3,0603;3,1125;3,0238;3,0239;;
2017-11-15;3,068;3,149;3,041;3,0715;;
2017-11-14;3,1073;3,1301;3,0534;3,0853;;
2017-11-13;3,1564;3,2119;3,1348;3,1753;;
2017-11-10;3,2156;3,2385;3,1606;3,1896;;
2017-11-09;3,1434;3,2132;3,1335;3,1998;;
2017-11-08;3,1277;3,1833;3,0979;3,1645;;
2017-11-07;3,1026;3,1599;3,0786;3,1512;;
2017-11-06;3,0359;3,1411;3,0272;3,1103;;
2017-11-03;2,9089;2,9875;2,9072;2,9646;;
2017-11-02;2,8939;2,9516;2,8831;2,9294;;
2017-11-01;2,8965;2,9152;2,8404;2,8917;;
2017-10-30;2,9511;2,993;2,9299;2,9511;;
2017-10-27;3,0515;3,0515;2,9262;2,9368;;
2017-10-26;3,0782;3,0871;3,0241;3,0433;;
2017-10-25;3,0654;3,1442;3,0525;3,0713;;
2017-10-24;3,0218;3,1371;2,9438;2,9538;;
2017-10-23;3,0932;3,1383;2,9652;2,9899;;
2017-10-20;2,8652;3,0219;2,8372;2,8907;;
2017-10-19;2,8707;3,0145;2,8221;2,8221;;
2017-10-18;2,9114;3,0294;2,8375;2,8509;;
2017-10-17;2,9552;3,1093;2,9446;2,9523;;
2017-10-16;2,9553;3,0693;2,9209;2,9508;;
2017-10-13;2,9803;3,1325;2,9693;3,0068;;
2017-10-12;2,8892;3,0785;2,8851;2,9803;;
2017-10-11;2,8992;3,0627;2,8678;2,8827;;
2017-10-10;2,8265;3,0028;2,8237;2,8527;;
2017-10-09;2,8581;3,0148;2,8076;2,8308;;
2017-10-06;2,9056;3,0318;2,8394;2,8501;;
2017-10-05;2,9369;3,0743;2,9049;2,9219;;
2017-10-04;2,8977;3,0757;2,8943;2,9414;;
2017-10-02;3,0013;3,1617;2,8895;2,9181;;
2017-09-29;3,0043;3,133;2,9914;2,9923;;
2017-09-28;3,0499;3,192;2,994;3,0347;;
2017-09-27;3,0183;3,1528;3,001;3,0559;;
2017-09-26;2,9931;3,1247;2,9646;2,9887;;
2017-09-25;3,0119;3,146;2,9679;2,9731;;
2017-09-22;2,9712;3,1141;2,9343;2,9403;;
2017-09-21;3,0799;3,2173;2,9305;2,9522;;
2017-09-20;3,1413;3,2628;3,1123;3,1247;;
2017-09-19;3,1361;3,2801;3,1338;3,1389;;
2017-09-18;3,0517;3,2548;3,0418;3,1516;;
2017-09-15;3,041;3,2045;3,0021;3,0206;;
2017-09-14;3,051;3,1865;3,0406;3,0486;;
2017-09-13;3,0023;3,1813;2,9851;3,0465;;
2017-09-12;2,9471;3,1692;2,9374;2,9935;;
2017-09-11;2,9096;3,0748;2,8914;2,945;;
2017-09-08;2,9553;3,1377;2,8726;2,8896;;
2017-09-07;2,9981;3,1403;2,9623;2,9623;;
2017-09-06;2,9581;3,1066;2,9454;2,9971;;
2017-09-05;3,0071;3,1671;2,9536;2,9602;;
2017-09-04;3,0231;3,1886;2,9917;3,0001;;
2017-09-01;3,0315;3,1865;3,0256;3,0471;;
2017-08-31;2,9216;3,1059;2,9142;3,012;;
2017-08-30;2,9531;3,1143;2,9233;2,9264;;
2017-08-29;2,9641;3,0723;2,9564;2,9686;;
2017-08-28;2,9073;3,0771;2,8977;2,9285;;
2017-08-25;2,9617;3,0849;2,9079;2,9186;;
2017-08-24;2,9512;3,114;2,8698;3,0172;;
2017-08-23;2,927;3,0772;2,927;2,929;;
2017-08-22;2,9761;3,1087;2,9184;2,9271;;
2017-08-21;2,8886;2,9687;2,8589;2,9326;;
2017-08-18;2,9118;2,9169;2,8754;2,8829;;
2017-08-17;2,8784;2,9218;2,8605;2,9028;;
2017-08-16;2,8929;2,9216;2,8678;2,8705;;
2017-08-15;2,9622;2,9622;2,9177;2,9239;;
2017-08-14;2,9896;3,0027;2,9095;2,9391;;
2017-08-11;2,9748;2,9841;2,9531;2,9681;;
2017-08-10;2,8629;2,9819;2,8537;2,9691;;
2017-08-09;2,7971;2,8878;2,7884;2,8878;;
2017-08-08;2,7975;2,8195;2,7697;2,7988;;
2017-08-07;2,7833;2,7973;2,7558;2,7852;;
2017-08-04;2,7597;2,7811;2,7394;2,7682;;
2017-08-03;2,8095;2,8303;2,7806;2,7839;;
2017-08-02;2,7977;2,8211;2,7703;2,8018;;
2017-08-01;2,81;2,8217;2,7485;2,8092;;
2017-07-31;2,8693;2,8749;2,7676;2,7936;;
2017-07-28;2,9553;2,9667;2,9227;2,9349;;
2017-07-27;2,9157;2,9772;2,8829;2,9447;;
2017-07-26;2,9301;2,9425;2,8689;2,8969;;
2017-07-25;2,8918;2,9208;2,8715;2,9163;;
2017-07-24;2,9123;2,934;2,8664;2,8774;;
2017-07-21;3,0088;3,0216;2,9304;2,9325;;
2017-07-20;3,0547;3,085;3,0031;3,0079;;
2017-07-19;3,053;3,0791;3,0413;3,052;;
2017-07-18;3,013;3,0764;3,0036;3,0628;;
2017-07-17;2,9776;3,0307;2,9646;3,003;;
2017-07-14;2,9518;2,9813;2,9232;2,959;;
2017-07-13;2,9957;3,0015;2,9303;2,9439;;
2017-07-12;3,0168;3,0248;2,9502;2,9799;;
2017-07-11;2,9174;3,0401;2,9097;3,0273;;
2017-07-10;2,8776;2,9281;2,8541;2,9086;;
2017-07-07;2,8904;2,9296;2,8345;2,8425;;
2017-07-06;2,8532;2,8796;2,8458;2,8705;;
2017-07-05;2,9758;3,005;2,8155;2,8305;;
2017-07-04;2,9359;2,9788;2,934;2,973;;
2017-07-03;2,9447;3,0351;2,9247;2,9342;;
2017-06-30;3,0196;3,0282;2,962;3,0282;;
2017-06-29;3,079;3,1005;3,0215;3,0323;;
2017-06-28;3,0423;3,0982;3,0311;3,0638;;
2017-06-27;3,0677;3,0699;3,0255;3,0565;;
2017-06-26;2,9887;3,0432;2,9748;3,0383;;
2017-06-23;2,9035;2,9392;2,8927;2,9172;;
2017-06-22;2,8876;2,9445;2,8761;2,889;;
2017-06-21;2,8814;2,9432;2,8711;2,8851;;
2017-06-20;2,881;2,9085;2,8741;2,8868;;
2017-06-19;2,9411;2,9568;2,8715;2,8843;;
2017-06-16;3,0469;3,0704;3,0151;3,0166;;
2017-06-15;2,9395;3,051;2,9187;3,0352;;
2017-06-14;2,9544;2,9724;2,905;2,9308;;
2017-06-13;2,9939;3,0553;2,9401;2,953;;
2017-06-12;3,0088;3,0797;2,9927;3,029;;
2017-06-09;3,0327;3,063;3,0158;3,0158;;
2017-06-08;3,0032;3,0621;2,9829;3,0179;;
2017-06-07;3,0532;3,0867;2,998;2,9992;;
2017-06-06;2,979;3,0498;2,9696;3,0308;;
2017-06-02;3,0222;3,0406;2,9802;2,9802;;
2017-06-01;3,0725;3,1214;2,9867;2,996;;
2017-05-31;3,1355;3,1636;3,0515;3,0579;;
2017-05-30;3,1987;3,2268;3,1316;3,1507;;
2017-05-29;3,2314;3,2459;3,198;3,2045;;
2017-05-26;3,2864;3,3212;3,2459;3,3023;;
2017-05-25;3,295;3,3456;3,2333;3,2829;;
2017-05-24;3,228;3,3221;3,1926;3,1931;;
2017-05-23;3,3684;3,3935;3,2025;3,2087;;
2017-05-22;3,3267;3,3883;3,3032;3,3202;;
2017-05-19;3,2016;3,3448;3,2016;3,2543;;
2017-05-18;3,2018;3,2888;3,1696;3,179;;
2017-05-17;3,2155;3,2825;3,1721;3,1907;;
2017-05-16;3,3498;3,3662;3,2093;3,2129;;
2017-05-15;3,398;3,4048;3,3332;3,3465;;
2017-05-12;3,3529;3,427;3,3406;3,4174;;
2017-05-11;3,274;3,3797;3,2607;3,3508;;
2017-05-10;3,2026;3,3211;3,1898;3,2825;;
2017-05-09;3,1726;3,2369;3,1622;3,2133;;
2017-05-08;3,2266;3,2371;3,1319;3,1637;;
2017-05-05;3,1728;3,2682;3,1725;3,2573;;
2017-05-04;3,229;3,24;3,1535;3,188;;
2017-05-03;3,1721;3,2266;3,157;3,2176;;
2017-05-02;3,2222;3,261;3,1649;3,1932;;
2017-04-28;3,2386;3,2883;3,2206;3,2743;;
2017-04-27;3,2474;3,2542;3,1984;3,2332;;
2017-04-26;3,1654;3,2683;3,1613;3,2664;;
2017-04-25;3,1563;3,1691;3,1138;3,1418;;
2017-04-24;3,2067;3,2113;3,1174;3,1445;;
2017-04-21;3,2598;3,2683;3,1714;3,1778;;
2017-04-20;3,2022;3,2871;3,1885;3,2461;;
2017-04-19;3,1486;3,2643;3,1398;3,1815;;
2017-04-18;3,1441;3,1991;3,1135;3,135;;
2017-04-13;3,1471;3,2477;3,146;3,2077;;
2017-04-12;3,1542;3,2186;3,1492;3,169;;
2017-04-11;3,2375;3,2885;3,1353;3,1554;;
2017-04-10;3,2339;3,3051;3,2226;3,2296;;
2017-04-07;3,3072;3,3477;3,2473;3,2488;;
2017-04-06;3,2562;3,3505;3,2424;3,3138;;
2017-04-05;3,243;3,3595;3,243;3,2505;;
2017-04-04;3,1421;3,293;3,1219;3,2802;;
2017-04-03;3,2129;3,2756;3,1139;3,1287;;
2017-03-31;3,2092;3,252;3,1687;3,1793;;
2017-03-30;3,2121;3,2463;3,1756;3,1856;;
2017-03-29;3,1717;3,2672;3,151;3,2158;;
2017-03-28;3,0278;3,2014;3,0278;3,159;;
2017-03-27;3,1755;3,2168;3,0379;3,0421;;
2017-03-24;3,0226;3,157;3,0226;3,0621;;
2017-03-23;3,024;3,1277;3,024;3,0435;;
2017-03-22;3,07;3,1516;3,001;3,0058;;
2017-03-21;3,0558;3,1446;3,0551;3,0766;;
2017-03-20;2,8917;3,094;2,8917;3,0666;;
2017-03-17;2,8811;2,9956;2,8747;2,9409;;
2017-03-16;2,9496;3,0289;2,8892;2,8938;;
2017-03-15;2,9297;3,0392;2,9156;2,9614;;
2017-03-14;3,0271;3,1166;2,9158;2,9158;;
2017-03-13;3,0529;3,1299;2,9867;3,0018;;
2017-03-10;2,9889;3,0752;2,985;3,0086;;
2017-03-09;2,8926;3,0207;2,8766;2,9613;;
2017-03-08;2,8513;3,0149;2,8504;2,8782;;
2017-03-07;2,857;2,9526;2,8097;2,8246;;
2017-03-06;2,8992;3,0098;2,8858;2,8879;;
2017-03-03;2,7909;2,8917;2,7865;2,8045;;
2017-03-02;2,7583;2,9106;2,7542;2,7782;;
2017-03-01;2,7608;2,8765;2,7442;2,7876;;
2017-02-28;2,6834;2,842;2,6698;2,7466;;
2017-02-27;2,6932;2,7947;2,6669;2,6801;;
2017-02-24;2,7645;2,8442;2,7466;2,7526;;
2017-02-23;2,6841;2,8422;2,6411;2,7372;;
2017-02-22;2,5354;2,7482;2,5354;2,6006;;
2017-02-21;2,8251;2,9154;2,5435;2,5584;;
2017-02-20;2,795;2,924;2,7683;2,8561;;
2017-02-17;2,8457;3,007;2,8238;2,8347;;
2017-02-16;2,9139;3,0666;2,8413;2,8485;;
2017-02-15;2,9482;2,9817;2,9075;2,9085;;
2017-02-14;2,9125;2,9415;2,8742;2,9068;;
2017-02-13;2,9739;2,9843;2,934;2,9395;;
2017-02-10;3,0477;3,0528;2,9975;3,0362;;
2017-02-09;3,1723;3,1774;3,1069;3,1309;;
2017-02-08;3,1167;3,1482;3,0495;3,1291;;
2017-02-07;3,0613;3,1345;3,0565;3,1252;;
2017-02-06;3,0589;3,0643;2,9991;3,0474;;
2017-02-03;3,1441;3,1479;3,0346;3,0515;;
2017-02-02;3,2005;3,2005;3,1075;3,1714;;
2017-02-01;3,1419;3,2175;3,1398;3,1684;;
2017-01-31;3,1928;3,1976;3,1036;3,1234;;
2017-01-30;3,3009;3,3099;3,2106;3,2393;;
2017-01-27;3,2951;3,3745;3,2528;3,3682;;
2017-01-26;3,3953;3,4794;3,3611;3,3963;;
2017-01-25;3,2973;3,3511;3,2612;3,3424;;
2017-01-24;3,2673;3,3434;3,2507;3,2976;;
2017-01-23;3,1842;3,2495;3,1443;3,2411;;
2017-01-20;3,3214;3,3327;3,1908;3,1998;;
2017-01-19;3,3283;3,3889;3,2492;3,353;;
2017-01-18;3,3944;3,3978;3,2765;3,2981;;
2017-01-17;3,4781;3,4986;3,3475;3,4043;;
2017-01-16;3,4376;3,4823;3,3974;3,4445;;
2017-01-13;3,4179;3,43;3,3201;3,4245;;
2017-01-12;3,3339;3,4229;3,2849;3,3791;;
2017-01-11;3,2392;3,3368;3,2032;3,2339;;
2017-01-10;3,1291;3,3122;3,127;3,2744;;
2017-01-09;3,2495;3,2576;3,0971;3,1029;;
2017-01-06;3,255;3,332;3,204;3,2789;;
2017-01-05;3,254;3,2873;3,1715;3,2298;;
2017-01-04;3,3029;3,3457;3,226;3,2708;;
2017-01-03;3,4709;3,4968;3,2737;3,3324;;




